Trade number,Type,Date and time,Signal,Price USD,Size (qty),Size (value),Net PnL USD,Return %,Commission USD,Favorable excursion USD,Favorable excursion %,Adverse excursion USD,Adverse excursion %,Cumulative PnL USD,Cumulative PnL %,Duration (bars)
1,Exit long,2026-09-07 17:02,L1 exit,4384.33,2,8828.492,-61.03,-0.69,1.2,3.88,0.04,-60.43,-0.68,-61.03,-0.61,172
1,Entry long,2026-09-07 14:10,L1,4414.246,2,8828.492,-61.03,-0.69,1.2,3.88,0.04,-60.43,-0.68,-61.03,-0.61,172
2,Exit short,2026-09-08 03:35,Time flat,4412.545,3,13155.99,-83.44,-0.63,1.8,11.37,0.09,-103.87,-0.79,-144.48,-1.44,417
2,Entry short,2026-09-07 17:04,S2,4385.33,3,13155.99,-83.44,-0.63,1.8,11.37,0.09,-103.87,-0.79,-144.48,-1.44,417
3,Exit short,2026-09-08 09:33,S3 exit,4441.81,25,110770,-290.25,-0.26,15,45.5,0.04,-282.75,-0.26,-434.73,-4.35,53
3,Entry short,2026-09-08 08:40,S3,4430.8,25,110770,-290.25,-0.26,15,45.5,0.04,-282.75,-0.26,-434.73,-4.35,53
4,Exit short,2026-09-09 02:00,Time flat,4357.035,37,163587.915,2355.42,1.44,22.2,2414.8,1.48,-298.04,-0.18,1920.69,19.21,900
4,Entry short,2026-09-08 11:00,S4,4421.295,37,163587.915,2355.42,1.44,22.2,2414.8,1.48,-298.04,-0.18,1920.69,19.21,900
5,Exit long,2026-09-09 18:52,L5 exit,4420.14,3,13078.518,180.1,1.38,1.8,181,1.38,-16.76,-0.13,2100.8,21.01,741
5,Entry long,2026-09-09 06:31,L5,4359.506,3,13078.518,180.1,1.38,1.8,181,1.38,-16.76,-0.13,2100.8,21.01,741
6,Exit short,2026-09-10 02:00,Time flat,4394.925,1,4396.21,0.69,0.02,0.6,20.76,0.47,-25.74,-0.59,2101.48,21.01,325
6,Entry short,2026-09-09 20:35,S6,4396.21,1,4396.21,0.69,0.02,0.6,20.76,0.47,-25.74,-0.59,2101.48,21.01,325
7,Exit short,2026-09-10 16:04,S7 exit,4383.765,4,17694.78,157.32,0.89,2.4,158.52,0.90,-22.2,-0.13,2258.8,22.59,266
7,Entry short,2026-09-10 11:38,S7,4423.695,4,17694.78,157.32,0.89,2.4,158.52,0.90,-22.2,-0.13,2258.8,22.59,266
8,Exit long,2026-09-10 17:26,L8 exit,4374.24,4,17541.848,-47.29,-0.27,2.4,21.05,0.12,-46.09,-0.26,2211.51,22.12,26
8,Entry long,2026-09-10 17:00,L8,4385.462,4,17541.848,-47.29,-0.27,2.4,21.05,0.12,-46.09,-0.26,2211.51,22.12,26
9,Exit short,2026-09-10 17:50,News window,4372.115,5,21876.2,12.63,0.06,3,39.8,0.18,-15.57,-0.07,2224.14,22.24,20
9,Entry short,2026-09-10 17:30,S9,4375.24,5,21876.2,12.63,0.06,3,39.8,0.18,-15.57,-0.07,2224.14,22.24,20
10,Exit long,2026-09-11 08:51,L10 exit,4310.345,4,17313.48,-74.5,-0.43,2.4,47.72,0.28,-73.3,-0.42,2149.64,21.50,140
10,Entry long,2026-09-11 06:31,L10,4328.37,4,17313.48,-74.5,-0.43,2.4,47.72,0.28,-73.3,-0.42,2149.64,21.50,140
11,Exit short,2026-09-11 11:04,S12 exit,4340.405,35,151720.8,-214.37,-0.14,21,36.23,0.02,-203.87,-0.13,1935.26,19.35,8
11,Entry short,2026-09-11 10:56,S12,4334.88,35,151720.8,-214.37,-0.14,21,36.23,0.02,-203.87,-0.13,1935.26,19.35,8
12,Exit long,2026-09-11 17:04,L13 exit,4332.545,73,316872.195,-640.21,-0.20,43.8,1469.86,0.46,-618.31,-0.20,1295.05,12.95,349
12,Entry long,2026-09-11 11:15,L13,4340.715,73,316872.195,-640.21,-0.20,43.8,1469.86,0.46,-618.31,-0.20,1295.05,12.95,349
13,Exit long,2026-09-11 18:00,L14 exit,4323.845,78,338233.35,-1020.24,-0.30,46.8,1344.72,0.40,-996.84,-0.29,274.81,2.75,2
13,Entry long,2026-09-11 17:58,L14,4336.325,78,338233.35,-1020.24,-0.30,46.8,1344.72,0.40,-996.84,-0.29,274.81,2.75,2
14,Exit short,2026-09-11 18:10,S15 exit,4354.865,71,305835.979,-3402.04,-1.11,42.6,0,0.00,-3380.74,-1.11,-3127.22,-31.27,9
14,Entry short,2026-09-11 18:01,S15,4307.549,71,305835.979,-3402.04,-1.11,42.6,0,0.00,-3380.74,-1.11,-3127.22,-31.27,9
15,Exit long,2026-09-14 10:08,L16 exit,4325.345,2,8695.42,-45.93,-0.53,1.2,14.79,0.17,-45.33,-0.52,-3173.15,-31.73,165
15,Entry long,2026-09-14 07:23,L16,4347.71,2,8695.42,-45.93,-0.53,1.2,14.79,0.17,-45.33,-0.52,-3173.15,-31.73,165
16,Exit short,2026-09-15 02:00,Time flat,4296.78,3,12991.437,99.3,0.76,1.8,229.63,1.77,-25.76,-0.20,-3073.86,-30.74,935
16,Entry short,2026-09-14 10:25,S17,4330.479,3,12991.437,99.3,0.76,1.8,229.63,1.77,-25.76,-0.20,-3073.86,-30.74,935
17,Exit long,2026-09-16 02:00,Time flat,4294.355,3,12825.99,55.28,0.43,1.8,105.39,0.82,-12.51,-0.10,-3018.58,-30.19,596
17,Entry long,2026-09-15 16:04,L18,4275.33,3,12825.99,55.28,0.43,1.8,105.39,0.82,-12.51,-0.10,-3018.58,-30.19,596
18,Exit long,2026-09-16 08:26,L19 exit,4322.11,4,17143.24,142.8,0.83,2.4,144,0.84,-23.76,-0.14,-2875.78,-28.76,102
18,Entry long,2026-09-16 06:44,L19,4285.81,4,17143.24,142.8,0.83,2.4,144,0.84,-23.76,-0.14,-2875.78,-28.76,102
19,Exit short,2026-09-16 18:43,S20 exit,4354.78,4,17375.672,-45.85,-0.26,2.4,35.37,0.20,-44.65,-0.26,-2921.63,-29.22,69
19,Entry short,2026-09-16 17:34,S20,4343.918,4,17375.672,-45.85,-0.26,2.4,35.37,0.20,-44.65,-0.26,-2921.63,-29.22,69
20,Exit short,2026-09-16 21:17,S21 exit,4361.5,5,21727.5,-83,-0.38,3,104.75,0.48,-81.5,-0.38,-3004.63,-30.05,120
20,Entry short,2026-09-16 19:17,S21,4345.5,5,21727.5,-83,-0.38,3,104.75,0.48,-81.5,-0.38,-3004.63,-30.05,120
21,Exit short,2026-09-17 06:31,S22 exit,4293.48,22,94210.05,-259.71,-0.28,13.2,37.07,0.04,-253.11,-0.27,-3264.34,-32.64,2
21,Entry short,2026-09-17 06:29,S22,4282.275,22,94210.05,-259.71,-0.28,13.2,37.07,0.04,-253.11,-0.27,-3264.34,-32.64,2
22,Exit long,2026-09-17 08:24,L23 exit,4276.26,29,124759.914,-765.77,-0.61,17.4,461.8,0.37,-757.07,-0.61,-4030.11,-40.30,104
22,Entry long,2026-09-17 06:40,L23,4302.066,29,124759.914,-765.77,-0.61,17.4,461.8,0.37,-757.07,-0.61,-4030.11,-40.30,104
23,Exit long,2026-09-17 17:28,L24 exit,4349.885,41,175955.682,2365,1.34,24.6,2377.3,1.35,-258.38,-0.15,-1665.11,-16.65,452
23,Entry long,2026-09-17 09:56,L24,4291.602,41,175955.682,2365,1.34,24.6,2377.3,1.35,-258.38,-0.15,-1665.11,-16.65,452
24,Exit short,2026-09-18 10:21,S25 exit,4366.8,4,17418.156,-51.44,-0.30,2.4,79.78,0.46,-50.24,-0.29,-1716.55,-17.17,195
24,Entry short,2026-09-18 07:06,S25,4354.539,4,17418.156,-51.44,-0.30,2.4,79.78,0.46,-50.24,-0.29,-1716.55,-17.17,195
25,Exit short,2026-09-18 19:12,S26 exit,4353.095,9,39505.473,322.22,0.82,5.4,324.92,0.82,-81.03,-0.21,-1394.34,-13.94,304
25,Entry short,2026-09-18 14:08,S26,4389.497,9,39505.473,322.22,0.82,5.4,324.92,0.82,-81.03,-0.21,-1394.34,-13.94,304
26,Exit long,2026-09-18 23:00,Weekend flat,4387.025,4,17416.4,129.3,0.74,2.4,139.38,0.80,-24.9,-0.14,-1265.04,-12.65,152
26,Entry long,2026-09-18 20:28,L27,4354.1,4,17416.4,129.3,0.74,2.4,139.38,0.80,-24.9,-0.14,-1265.04,-12.65,152
27,Exit long,2026-09-21 09:36,L28 exit,4357.405,3,13117.245,-46.83,-0.36,1.8,32.01,0.24,-45.93,-0.35,-1311.87,-13.12,206
27,Entry long,2026-09-21 06:10,L28,4372.415,3,13117.245,-46.83,-0.36,1.8,32.01,0.24,-45.93,-0.35,-1311.87,-13.12,206
28,Exit long,2026-09-21 10:30,L29 exit,4355.22,14,61059.46,-94.78,-0.16,8.4,23.73,0.04,-90.58,-0.15,-1406.65,-14.07,31
28,Entry long,2026-09-21 09:59,L29,4361.39,14,61059.46,-94.78,-0.16,8.4,23.73,0.04,-90.58,-0.15,-1406.65,-14.07,31
29,Exit long,2026-09-21 15:02,L30 exit,4341.04,18,78411.15,-283.23,-0.36,10.8,21.24,0.03,-277.83,-0.35,-1689.88,-16.90,50
29,Entry long,2026-09-21 14:12,L30,4356.175,18,78411.15,-283.23,-0.36,10.8,21.24,0.03,-277.83,-0.35,-1689.88,-16.90,50
30,Exit short,2026-09-21 17:04,S31 exit,4358.655,57,247635.873,-841.66,-0.34,34.2,139.59,0.06,-824.56,-0.33,-2531.54,-25.32,117
30,Entry short,2026-09-21 15:07,S31,4344.489,57,247635.873,-841.66,-0.34,34.2,139.59,0.06,-824.56,-0.33,-2531.54,-25.32,117
31,Exit long,2026-09-21 19:32,L32 exit,4339.1,51,222240.405,-976.9,-0.44,30.6,866.24,0.39,-961.6,-0.43,-3508.44,-35.08,147
31,Entry long,2026-09-21 17:05,L32,4357.655,51,222240.405,-976.9,-0.44,30.6,866.24,0.39,-961.6,-0.43,-3508.44,-35.08,147
32,Exit long,2026-09-22 02:00,Time flat,4340.775,44,191335.364,-367.66,-0.19,26.4,218.42,0.11,-496.36,-0.26,-3876.11,-38.76,229
32,Entry long,2026-09-21 22:11,L33,4348.531,44,191335.364,-367.66,-0.19,26.4,218.42,0.11,-496.36,-0.26,-3876.11,-38.76,229
33,Exit long,2026-09-22 09:31,L34 exit,4338.8,42,182782.824,-578.42,-0.32,25.2,0,0.00,-565.82,-0.31,-4454.53,-44.55,81
33,Entry long,2026-09-22 08:10,L34,4351.972,42,182782.824,-578.42,-0.32,25.2,0,0.00,-565.82,-0.31,-4454.53,-44.55,81
34,Exit short,2026-09-22 23:36,S35 exit,4357.03,38,164912.4,-677.54,-0.41,22.8,1824.19,1.11,-666.14,-0.40,-5132.07,-51.32,835
34,Entry short,2026-09-22 09:41,S35,4339.8,38,164912.4,-677.54,-0.41,22.8,1824.19,1.11,-666.14,-0.40,-5132.07,-51.32,835
35,Exit short,2026-09-23 23:10,S36 exit,4275.06,33,143509.41,2412.63,1.68,19.8,2422.53,1.69,-41.91,-0.03,-2719.44,-27.19,988
35,Entry short,2026-09-23 06:42,S36,4348.77,33,143509.41,2412.63,1.68,19.8,2422.53,1.69,-41.91,-0.03,-2719.44,-27.19,988
36,Exit long,2026-09-24 13:45,L37 exit,4273.745,50,214811.6,-1154.35,-0.54,30,216.9,0.10,-1139.35,-0.53,-3873.79,-38.74,411
36,Entry long,2026-09-24 06:54,L37,4296.232,50,214811.6,-1154.35,-0.54,30,216.9,0.10,-1139.35,-0.53,-3873.79,-38.74,411
37,Exit long,2026-09-24 17:50,News window,4269.405,43,183098.601,460.01,0.25,25.8,544.94,0.30,-270.13,-0.15,-3413.78,-34.14,96
37,Entry long,2026-09-24 16:14,L38,4258.107,43,183098.601,460.01,0.25,25.8,544.94,0.30,-270.13,-0.15,-3413.78,-34.14,96
38,Exit short,2026-09-24 21:46,S39 exit,4286.005,46,196186.78,-997.05,-0.51,27.6,911.49,0.46,-983.25,-0.50,-4410.83,-44.11,109
38,Entry short,2026-09-24 19:57,S39,4264.93,46,196186.78,-997.05,-0.51,27.6,911.49,0.46,-983.25,-0.50,-4410.83,-44.11,109
39,Exit short,2026-09-25 19:34,S40 exit,4262.185,38,163546.794,1560.96,0.95,22.8,1572.36,0.96,-225.23,-0.14,-2849.86,-28.50,137
39,Entry short,2026-09-25 17:17,S40,4303.863,38,163546.794,1560.96,0.95,22.8,1572.36,0.96,-225.23,-0.14,-2849.86,-28.50,137
40,Exit long,2026-09-25 23:00,Weekend flat,4286.62,50,214224.75,76.25,0.04,30,780,0.36,-736.75,-0.34,-2773.61,-27.74,116
40,Entry long,2026-09-25 21:04,L41,4284.495,50,214224.75,76.25,0.04,30,780,0.36,-736.75,-0.34,-2773.61,-27.74,116
41,Exit long,2026-09-28 19:00,L42 exit,4139.775,52,216038.472,-801.37,-0.37,31.2,859.77,0.40,-785.77,-0.36,-3574.99,-35.75,202
41,Entry long,2026-09-28 15:38,L42,4154.586,52,216038.472,-801.37,-0.37,31.2,859.77,0.40,-785.77,-0.36,-3574.99,-35.75,202
42,Exit long,2026-09-28 20:02,L43 exit,4135.525,46,191112.428,-905.88,-0.47,27.6,261.37,0.14,-892.08,-0.47,-4480.86,-44.81,41
42,Entry long,2026-09-28 19:21,L43,4154.618,46,191112.428,-905.88,-0.47,27.6,261.37,0.14,-892.08,-0.47,-4480.86,-44.81,41
43,Exit short,2026-09-29 02:00,Time flat,4117.85,40,165461,723,0.44,24,1014.2,0.61,-477.8,-0.29,-3757.86,-37.58,357
43,Entry short,2026-09-28 20:03,S44,4136.525,40,165461,723,0.44,24,1014.2,0.61,-477.8,-0.29,-3757.86,-37.58,357
44,Exit short,Open,Open,—,44,183301.536,-213.22,-0.12,13.2,1025.6,0.56,-449.5,-0.25,-3984.29,-39.84,258
44,Entry short,2026-09-29 20:10,S46,4165.944,44,183301.536,-213.22,-0.12,13.2,1025.6,0.56,-449.5,-0.25,-3984.29,-39.84,258